from,to,bin,mean,sd
ath,ath,10,0.625,1.5761900266148114
ath,ath,20,0.375,0.5636562191028618
ath,ath,30,0.08333333333333333,0.39965262694272663
ath,ath,40,0.0,0.0
ath,ath,50,0.0,0.0
ath,ath,100,7.916666666666667,2.0395397084200697
